{
 "econ": [
  0.7,
  0.04,
  10,
  10,
  0.02,
  0.29,
  2029,
  20,
  0.15,
  0.06488000000000001,
  0.08617760000000008
 ],
 "real": [
  0.1072,
  0.95,
  7.421875,
  76.794,
  -20,
  0,
  17,
  21.5,
  -15,
  335,
  100,
  50,
  100,
  3514.2520315610504,
  2469.0065627073673,
  2309.4362502073673,
  1000
 ],
 "plant": [
  1025000,
  6.98687089715536,
  85.70294779462652,
  2380000,
  1782.697579265313,
  4802.440654664594,
  0,
  3200,
  1600,
  0.05,
  0.06986165208074051,
  0.4601342448408772,
  1.4461361980713283,
  0,
  1.6297624691859072,
  5.050997445437538,
  0,
  0.13442662499899785,
  0.41916991248444296,
  0
 ],
 "econ_labels": [
  "Debt/(Equity+Debt)",
  "Debt Rate",
  "Debt Period",
  "DepeciationPeriod",
  "Inflation",
  "Tax rate",
  "Project year Start",
  "Poject years",
  "ROE",
  "WACC",
  "DF"
 ],
 "real_labels": [
  "EE",
  "Cambio",
  "Conv",
  "BRENT",
  "DIFF-LPG",
  "DIFF-HAPHTA",
  "DIFF-KERO",
  "DIFF-DIESEL",
  "DIFF-WAX",
  "CH4",
  "ETS1-Jet/Marine",
  "ETS2-Auto",
  "CO2 capture",
  "RED - Kero",
  "RED - Benzina",
  "RED-Diesel",
  "Refuel"
 ],
 "plant_labels": [
  "Capex",
  "CO2 feed",
  "CO2 compression",
  "H2 feed Power",
  "H2 compression",
  "Power",
  "Heating",
  "Operatori",
  "Overhead",
  "Manutenzione",
  "CO2 emessa",
  "Naphtha mass",
  "Naphtha CO2",
  "Naphta GJ",
  "Kero Mass",
  "Kero CO2",
  "Kero GJ",
  "Diesel Mass",
  "Diesel CO2",
  "Diesel GJ"
 ],
 "we_type_matrix": {
  "AEL": {
   "capex": 2300,
   "econs": 52.4,
   "dur": 80000,
   "degr": 0.0012,
   "srcost": 0.15,
   "opex": 0.02
  },
  "PEM": {
   "capex": 2500,
   "econs": 53.3,
   "dur": 60000,
   "degr": 0.0019,
   "srcost": 0.22,
   "opex": 0.02
  },
  "SOE": {
   "capex": 4000,
   "econs": 40.0,
   "dur": 50000,
   "degr": 0.006,
   "srcost": 0.3,
   "opex": 0.02
  }
 },
 "TOC_FT": 150000.0,
 "TOC_AtJ": 240000.0,
 "scen_cost": {
  "labels": [
   "CO2 capture",
   "CO2 compr.",
   "H2 prod.",
   "H2 compr.",
   "Power (MWh/y)",
   "Heating (MWh/y)",
   "CW (MWh/y)",
   "Steam (MWh/y)",
   "Operator",
   "Manutenzione",
   "Overhead",
   " ETS",
   "CAPEX"
  ],
  "FT": [
   314.11219648558364,
   26.92034117705945,
   2532.8197124737803,
   80.1456131843721,
   215.9056900768746,
   0,
   0,
   0,
   34.05471882317688,
   470.9129087267427,
   17.02735941158844,
   3.1408047047395002,
   1084.955849725004
  ],
  "AtJ": [
   363.67426388896513,
   39.733330179187256,
   2848.115638641974,
   114.88934003033899,
   115.64614233407266,
   0,
   0,
   0,
   38.29399178006015,
   583.3850310243538,
   19.146995890030077,
   53.461752418796195,
   1327.138990393968
  ],
  "MFT4": [
   316.42526117989723,
   24.349477448812202,
   2454.9529344425696,
   69.74954631622396,
   312.19223717566166,
   33.273397036159345,
   0,
   0,
   33.00777054712698,
   456.4355770969903,
   16.50388527356349,
   26.600536288410183,
   1051.6009228392272
  ],
  "MFT11": [
   316.6095574384443,
   24.36365936834245,
   2468.538228175547,
   70.13552849174904,
   519.6768585564613,
   102.83399754286306,
   0,
   0,
   33.19042995866282,
   458.9614142721343,
   16.59521497933141,
   82.68055036855701,
   1057.4203042323243
  ],
  "totals": {
   "FT": 4779.995194788921,
   "AtJ": 5503.485476581745,
   "MFT4": 4795.091545644643,
   "MFT11": 5151.005743384417
  }
 }
}